{"count":1,"self":785.54490879999992,"total":800.9817746,"children":{"InitializeActuators":{"count":24,"self":0.0039505999999999994,"total":0.0039505999999999994,"children":null},"InitializeSensors":{"count":24,"self":0.0009999,"total":0.0009999,"children":null},"AgentSendState":{"count":39764,"self":0.926269,"total":1.1392525999999998,"children":{"CollectObservations":{"count":3663,"self":0.13452129999999998,"total":0.13452129999999998,"children":null},"WriteActionMask":{"count":3663,"self":0.020270999999999997,"total":0.020270999999999997,"children":null},"RequestDecision":{"count":3663,"self":0.058191299999999994,"total":0.058191299999999994,"children":null}}},"DecideAction":{"count":39764,"self":13.736246399999999,"total":13.7362472,"children":null},"AgentAct":{"count":39764,"self":0.55584179999999994,"total":0.55584179999999994,"children":null}},"gauges":{},"metadata":{"timer_format_version":"0.1.0","start_time_seconds":"1765497322","unity_version":"2022.2.2f1","command_line_arguments":"C:\\Program Files\\Unity\\Hub\\Editor\\2022.2.2f1\\Editor\\Unity.exe -projectpath C:\\Users\\mdani\\NDVW\\MAI-NDVW\\Project -acceptSoftwareTermsForThisRunOnly -useHub -hubIPC -cloudEnvironment production -licensingIpc LicenseClient-danim -hubSessionId 2022b53b-99f2-4581-98e8-dc1fb9b3c557 -accessToken BjKrIzvK6rD-13lV3yp4nP5X9n39Ol4XiR60Qm384rQ006f","communication_protocol_version":"1.5.0","com.unity.ml-agents_version":"2.0.2","scene_name":"CA_with_portal","end_time_seconds":"1765498122"}}